{
  "1": -0.2500943989930774,
  "2": -0.18448814556147766,
  "3": -1.0,
  "4": -0.11076533381581329,
  "5": -0.19664813219516014,
  "6": -0.4183110304679822,
  "7": 0.2373301596747,
  "8": 1.0,
  "9": 0.44198848944866126,
  "10": 1.0,
  "11": 1.0,
  "12": 0.5775002864016496,
  "13": -0.12604182337896797,
  "14": 0.26803237590430484,
  "15": -1.0,
  "16": 1.0,
  "17": 0.6809505988023952,
  "18": 1.0,
  "19": 1.0,
  "20": 0.3278079238831487,
  "21": -0.08429542938478571,
  "22": -0.2919276270006959,
  "23": 0.2556393200295639,
  "24": -0.22347672511668978,
  "25": -1.0,
  "26": -0.25707353344030054,
  "27": -1.0,
  "28": -0.24978215571130896,
  "29": -0.20122462674047978,
  "30": -0.17049808429118773,
  "31": -0.18399226990901038,
  "32": -0.2592503796052106,
  "33": -0.009090574509587428,
  "34": -0.23569200358279024,
  "35": -1.0,
  "36": -0.4090128755364807,
  "37": -0.11597628832236244,
  "38": -1.0,
  "39": -1.0,
  "40": -1.0,
  "41": -1.0,
  "42": -0.20448199586612031,
  "43": 0.24626393110435663,
  "44": 0.24951575981686916,
  "45": 0.11578846430455003,
  "46": 0.3940964625896133,
  "47": 0.5992353611912268,
  "48": 1.0,
  "49": -0.2527086634405379,
  "50": -0.29078958315999665,
  "51": -0.12217745001140425,
  "52": -0.24612010098083847,
  "53": -1.0,
  "54": 0.07740158180040878,
  "55": -0.09132964689724964,
  "56": -0.18068917264299458,
  "57": 0.18789098385756156,
  "58": -0.40535033521756275,
  "59": -1.0,
  "60": -0.2954710583676435,
  "61": -0.28076515898222176,
  "62": -0.2287995687476837,
  "63": -0.6904888416578109,
  "64": 0.13558574453069866,
  "65": 0.23724632806368426,
  "66": 1.0,
  "67": -0.2652831884926581,
  "68": -0.2145186565583838,
  "69": -0.2860503914103606,
  "70": -0.3207443682664055,
  "71": 0.1416899591485702,
  "72": -0.2432452830188679,
  "73": -0.018812869538508793,
  "74": -0.057129647975695134,
  "75": -1.0,
  "76": 1.0,
  "77": 1.0,
  "78": 0.642091727389627,
  "79": 0.4837340448109632,
  "80": 0.3943225190839695,
  "81": 0.17849201536284617,
  "82": -0.13562202583276683,
  "83": -1.0,
  "84": -0.02036234128213069,
  "85": -0.12444553967471661,
  "86": -1.0,
  "87": -0.3902997111669605,
  "88": -0.16376082142138113,
  "89": -0.33115451850725847,
  "90": 0.18361970903430522,
  "91": 0.29340141398271796,
  "92": -0.26794161646383374,
  "93": -0.19523489431622973,
  "94": 0.02616279069767442,
  "95": 0.33768752721371176,
  "96": -0.1712060718662292,
  "97": -1.0,
  "98": -0.18509173485203476,
  "99": -0.392415261552627
}